authid,companyname,firstname,lastname,username,imageUrl,type,address1,address2,address3,city,state,zip,country,phone,email,linkedin,facebook,twitter,blog,age,height,weight,gender,race,longitude,latitude,id,cachettl,_rid,_self,_etag,_attachments,_ts
,WigiTech,Tognk,Denyc,Tognk.Denyc,/images/TognkDenyc.png,2,9 GALEN STREEET,,SUITE 300,WATERTOWN,MA,02452,US,9785551212,Tognk.Denyc@WigiTech.com,,,,,72,70,270,2,4,-71.216035,42.221322,058d7760-e868-434e-aa1d-bbc438d5ebb6,1,o3gCANOLewMCAAAAAAAAAA==,dbs/o3gCAA==/colls/o3gCANOLewM=/docs/o3gCANOLewMCAAAAAAAAAA==/,"00004d07-0000-0000-0000-581e3a940000",attachments/,1478376078
,WigiTech,Starlhael,Rheoran,Starlhael.Rheoran,/images/StarlhaelRheoran.png,3,9 GALEN STREEET,,SUITE 300,WATERTOWN,MA,02452,US,9785551212,Starlhael.Rheoran@WigiTech.com,,,,,47,75,220,2,4,-71.216176,42.383221,c3ec2fe4-6789-4d3e-8446-852856ce025c,1,o3gCANOLewMDAAAAAAAAAA==,dbs/o3gCAA==/colls/o3gCANOLewM=/docs/o3gCANOLewMDAAAAAAAAAA==/,"00004e07-0000-0000-0000-581e3a940000",attachments/,1478376078
,WigiTech,Ratde,Aethocyn,Ratde.Aethocyn,/images/RatdeAethocyn.png,3,9 GALEN STREEET,,SUITE 300,WATERTOWN,MA,02452,US,9785551212,Ratde.Aethocyn@WigiTech.com,,,,,68,65,186,2,1,-71.020472,42.277317,663d1c24-9afd-4550-8d57-7d869b0918ca,1,o3gCANOLewMEAAAAAAAAAA==,dbs/o3gCAA==/colls/o3gCANOLewM=/docs/o3gCANOLewMEAAAAAAAAAA==/,"00004f07-0000-0000-0000-581e3a940000",attachments/,1478376078
,WigiTech,Anda,Addredoc,Anda.Addredoc,/images/AndaAddredoc.png,3,9 GALEN STREEET,,SUITE 300,WATERTOWN,MA,02452,US,9785551212,Anda.Addredoc@WigiTech.com,,,,,42,64,210,1,2,-71.28339,42.409467,7809cfad-5cc0-4ce1-97ca-d4ed261a8e94,1,o3gCANOLewMFAAAAAAAAAA==,dbs/o3gCAA==/colls/o3gCANOLewM=/docs/o3gCANOLewMFAAAAAAAAAA==/,"00005007-0000-0000-0000-581e3a950000",attachments/,1478376079
,WigiTech,Aarne,Gwuc,Aarne.Gwuc,/images/AarneGwuc.png,3,9 GALEN STREEET,,SUITE 300,WATERTOWN,MA,02452,US,9785551212,Aarne.Gwuc@WigiTech.com,,,,,38,72,198,2,4,-71.115277,42.399084,2d49b721-e157-4dcd-ba50-4de2f0323489,1,o3gCANOLewMGAAAAAAAAAA==,dbs/o3gCAA==/colls/o3gCANOLewM=/docs/o3gCANOLewMGAAAAAAAAAA==/,"00005107-0000-0000-0000-581e3a950000",attachments/,1478376079
,WigiTech,Ari,Laenry,Ari.Laenry,/images/AriLaenry.png,3,9 GALEN STREEET,,SUITE 300,WATERTOWN,MA,02452,US,9785551212,Ari.Laenry@WigiTech.com,,,,,57,73,235,2,3,-71.123254,42.451535,8b3ac2c9-807b-4470-9611-1ec362250654,1,o3gCANOLewMHAAAAAAAAAA==,dbs/o3gCAA==/colls/o3gCANOLewM=/docs/o3gCANOLewMHAAAAAAAAAA==/,"00005207-0000-0000-0000-581e3a950000",attachments/,1478376079
,WigiTech,Aog,Diran,Aog.Diran,/images/AogDiran.png,3,9 GALEN STREEET,,SUITE 300,WATERTOWN,MA,02452,US,9785551212,Aog.Diran@WigiTech.com,,,,,28,71,190,2,4,-71.249485,42.412936,42105a24-00f7-4f5a-aca3-3001aa14eb75,1,o3gCANOLewMIAAAAAAAAAA==,dbs/o3gCAA==/colls/o3gCANOLewM=/docs/o3gCANOLewMIAAAAAAAAAA==/,"00005307-0000-0000-0000-581e3a950000",attachments/,1478376079
,WigiTech,Rucex,Sur,Rucex.Sur,/images/RucexSur.png,3,9 GALEN STREEET,,SUITE 300,WATERTOWN,MA,02452,US,9785551212,Rucex.Sur@WigiTech.com,,,,,31,70,210,2,4,-71.091846,42.481904,aa1c0209-d542-4535-81f5-ec90d0316935,1,o3gCANOLewMJAAAAAAAAAA==,dbs/o3gCAA==/colls/o3gCANOLewM=/docs/o3gCANOLewMJAAAAAAAAAA==/,"00005407-0000-0000-0000-581e3a960000",attachments/,1478376080
,WigiTech,Cilnis,Blaenyc,Cilnis.Blaenyc,/images/CilnisBlaenyc.png,3,9 GALEN STREEET,,SUITE 300,WATERTOWN,MA,02452,US,9785551212,Cilnis.Blaenyc@WigiTech.com,,,,,23,68,145,2,4,-71.273622,42.447803,698607de-a022-4ed7-9458-8ee36ad49144,1,o3gCANOLewMKAAAAAAAAAA==,dbs/o3gCAA==/colls/o3gCANOLewM=/docs/o3gCANOLewMKAAAAAAAAAA==/,"00005507-0000-0000-0000-581e3a960000",attachments/,1478376080
,WigiTech,Evartor,Carullyn,Evartor.Carullyn,/images/EvartorCarullyn.png,3,9 GALEN STREEET,,SUITE 300,WATERTOWN,MA,02452,US,9785551212,Evartor.Carullyn@WigiTech.com,,,,,25,69,165,2,4,-71.206612,42.348471,82923b70-34cf-476c-a8b5-dc7bed2f17c6,1,o3gCANOLewMLAAAAAAAAAA==,dbs/o3gCAA==/colls/o3gCANOLewM=/docs/o3gCANOLewMLAAAAAAAAAA==/,"00005607-0000-0000-0000-581e3a960000",attachments/,1478376080
,WigiTech,Aean,Addredd,Aean.Addredd,/images/AeanAddredd.png,3,9 GALEN STREEET,,SUITE 300,WATERTOWN,MA,02452,US,9785551212,Aean.Addredd@WigiTech.com,,,,,34,72,195,1,3,-71.0259,42.307166,0f15ad8d-272e-4981-9829-b34a284a526a,1,o3gCANOLewMMAAAAAAAAAA==,dbs/o3gCAA==/colls/o3gCANOLewM=/docs/o3gCANOLewMMAAAAAAAAAA==/,"00005707-0000-0000-0000-581e3a960000",attachments/,1478376080
,WigiTech,Anobry,Gwaeddry,Anobry.Gwaeddry,/images/AnobryGwaeddry.png,3,9 GALEN STREEET,,SUITE 300,WATERTOWN,MA,02452,US,9785551212,Anobry.Gwaeddry@WigiTech.com,,,,,54,64,150,2,2,-71.008422,42.234541,870ad05d-996d-4fd0-b074-f7ff4fb4cc67,1,o3gCANOLewMNAAAAAAAAAA==,dbs/o3gCAA==/colls/o3gCANOLewM=/docs/o3gCANOLewMNAAAAAAAAAA==/,"00005807-0000-0000-0000-581e3a970000",attachments/,1478376081
,WigiTech,Tharde,Gubryn,Tharde.Gubryn,/images/ThardeGubryn.png,3,9 GALEN STREEET,,SUITE 300,WATERTOWN,MA,02452,US,9785551212,Tharde.Gubryn@WigiTech.com,,,,,36,73,223,2,4,-71.196863,42.428196,a87747ef-e6ab-4b3f-a9b1-0889299a92f9,1,o3gCANOLewMOAAAAAAAAAA==,dbs/o3gCAA==/colls/o3gCANOLewM=/docs/o3gCANOLewMOAAAAAAAAAA==/,"00005907-0000-0000-0000-581e3a970000",attachments/,1478376081
,WigiTech,Etnis,Mun,Etnis.Mun,/images/EtnisMun.png,3,9 GALEN STREEET,,SUITE 300,WATERTOWN,MA,02452,US,9785551212,Etnis.Mun@WigiTech.com,,,,,54,70,235,2,4,-71.138602,42.29652,ce177590-df50-43f4-bfc0-7c54c53ba9e9,1,o3gCANOLewMPAAAAAAAAAA==,dbs/o3gCAA==/colls/o3gCANOLewM=/docs/o3gCANOLewMPAAAAAAAAAA==/,"00005a07-0000-0000-0000-581e3a970000",attachments/,1478376081
,WigiTech,Lu,Addreomyr,Lu.Addreomyr,/images/LuAddreomyr.png,3,9 GALEN STREEET,,SUITE 300,WATERTOWN,MA,02452,US,9785551212,Lu.Addreomyr@WigiTech.com,,,,,27,63,100,1,2,-71.239781,42.363781,d7940971-ddce-4535-b738-3d94b00d2b24,1,o3gCANOLewMQAAAAAAAAAA==,dbs/o3gCAA==/colls/o3gCANOLewM=/docs/o3gCANOLewMQAAAAAAAAAA==/,"00005b07-0000-0000-0000-581e3a970000",attachments/,1478376081
,WigiTech,Lylonna,Anshahamesh,Lylonna.Anshahamesh,/images/LylonnaAnshahamesh.png,3,9 GALEN STREEET,,SUITE 300,WATERTOWN,MA,02452,US,9785551212,Lylonna.Anshahamesh@WigiTech.com,,,,,45,68,135,1,4,-71.179911,42.371415,a71351f0-d3e6-4b49-b66c-076a692ac5b7,1,o3gCANOLewMRAAAAAAAAAA==,dbs/o3gCAA==/colls/o3gCANOLewM=/docs/o3gCANOLewMRAAAAAAAAAA==/,"00005c07-0000-0000-0000-581e3a970000",attachments/,1478376081
,Tall Towers,Fid,Sidry,Fid.Sidry,/images/FidSidry.png,2,53 WEST 36TH STREET,,SUITE 1002,NEW YORK,NY,10018,US,2125551212,Fid.Sidry@TallTowers.com,,,,,72,70,270,2,4,-73.860826,40.86268,8dfef6d5-2302-460f-af61-fa2fd3c75e8b,1,o3gCANOLewMTAAAAAAAAAA==,dbs/o3gCAA==/colls/o3gCANOLewM=/docs/o3gCANOLewMTAAAAAAAAAA==/,"00005e07-0000-0000-0000-581e3a980000",attachments/,1478376082
,Tall Towers,Brorss,Glagh,Brorss.Glagh,/images/BrorssGlagh.png,3,53 WEST 36TH STREET,,SUITE 1002,NEW YORK,NY,10018,US,2125551212,Brorss.Glagh@TallTowers.com,,,,,47,75,220,2,4,-73.920087,40.894355,a7591ba2-e534-48fd-af1a-50e56c0e396a,1,o3gCANOLewMUAAAAAAAAAA==,dbs/o3gCAA==/colls/o3gCANOLewM=/docs/o3gCANOLewMUAAAAAAAAAA==/,"00005f07-0000-0000-0000-581e3a980000",attachments/,1478376082
,Tall Towers,Trejanry,Simyr,Trejanry.Simyr,/images/TrejanrySimyr.png,3,53 WEST 36TH STREET,,SUITE 1002,NEW YORK,NY,10018,US,2125551212,Trejanry.Simyr@TallTowers.com,,,,,68,65,186,2,1,-73.749933,40.632403,a8569261-b13a-421f-938c-81adef612e25,1,o3gCANOLewMVAAAAAAAAAA==,dbs/o3gCAA==/colls/o3gCANOLewM=/docs/o3gCANOLewMVAAAAAAAAAA==/,"00006007-0000-0000-0000-581e3a980000",attachments/,1478376082
,Tall Towers,Adaryne,Millyn,Adaryne.Millyn,/images/AdaryneMillyn.png,3,53 WEST 36TH STREET,,SUITE 1002,NEW YORK,NY,10018,US,2125551212,Adaryne.Millyn@TallTowers.com,,,,,42,64,210,1,2,-73.911724,40.682966,fd36c995-e599-4bc3-8c28-0d5b6fe54624,1,o3gCANOLewMWAAAAAAAAAA==,dbs/o3gCAA==/colls/o3gCANOLewM=/docs/o3gCANOLewMWAAAAAAAAAA==/,"00006107-0000-0000-0000-581e3a990000",attachments/,1478376083
,Tall Towers,Eraiel,Venvan,Eraiel.Venvan,/images/EraielVenvan.png,3,53 WEST 36TH STREET,,SUITE 1002,NEW YORK,NY,10018,US,2125551212,Eraiel.Venvan@TallTowers.com,,,,,38,72,198,2,4,-73.773771,40.704379,33e37484-31ac-4b34-b928-6520175b5d74,1,o3gCANOLewMXAAAAAAAAAA==,dbs/o3gCAA==/colls/o3gCANOLewM=/docs/o3gCANOLewMXAAAAAAAAAA==/,"00006207-0000-0000-0000-581e3a990000",attachments/,1478376083
,Tall Towers,Gilve,Gwaellyn,Gilve.Gwaellyn,/images/GilveGwaellyn.png,3,53 WEST 36TH STREET,,SUITE 1002,NEW YORK,NY,10018,US,2125551212,Gilve.Gwaellyn@TallTowers.com,,,,,57,73,235,2,3,-73.673178,40.841009,be95411a-60bf-45e8-a941-7bfbaa554d49,1,o3gCANOLewMYAAAAAAAAAA==,dbs/o3gCAA==/colls/o3gCANOLewM=/docs/o3gCANOLewMYAAAAAAAAAA==/,"00006307-0000-0000-0000-581e3a990000",attachments/,1478376083
,Tall Towers,Brarde,Lercyn,Brarde.Lercyn,/images/BrardeLercyn.png,3,53 WEST 36TH STREET,,SUITE 1002,NEW YORK,NY,10018,US,2125551212,Brarde.Lercyn@TallTowers.com,,,,,28,71,190,2,4,-73.984389,40.789538,5a82042c-77df-4051-b6d8-de0312798d16,1,o3gCANOLewMZAAAAAAAAAA==,dbs/o3gCAA==/colls/o3gCANOLewM=/docs/o3gCANOLewMZAAAAAAAAAA==/,"00006407-0000-0000-0000-581e3a990000",attachments/,1478376083
,Tall Towers,Phdytor,Rhodry,Phdytor.Rhodry,/images/PhdytorRhodry.png,3,53 WEST 36TH STREET,,SUITE 1002,NEW YORK,NY,10018,US,2125551212,Phdytor.Rhodry@TallTowers.com,,,,,31,70,210,2,4,-73.885203,40.784528,6fadbda0-aa35-4a10-8cf6-d214293f8633,1,o3gCANOLewMaAAAAAAAAAA==,dbs/o3gCAA==/colls/o3gCANOLewM=/docs/o3gCANOLewMaAAAAAAAAAA==/,"00006507-0000-0000-0000-581e3a9a0000",attachments/,1478376084
,Tall Towers,Nardro,Dunnyn,Nardro.Dunnyn,/images/NardroDunnyn.png,3,53 WEST 36TH STREET,,SUITE 1002,NEW YORK,NY,10018,US,2125551212,Nardro.Dunnyn@TallTowers.com,,,,,23,68,145,2,4,-73.946397,40.700124,16154a0c-f8e2-4425-8840-f11eda8e65f1,1,o3gCANOLewMbAAAAAAAAAA==,dbs/o3gCAA==/colls/o3gCANOLewM=/docs/o3gCANOLewMbAAAAAAAAAA==/,"00006607-0000-0000-0000-581e3a9a0000",attachments/,1478376084
,Tall Towers,Tho,Geollyn,Tho.Geollyn,/images/ThoGeollyn.png,3,53 WEST 36TH STREET,,SUITE 1002,NEW YORK,NY,10018,US,2125551212,Tho.Geollyn@TallTowers.com,,,,,25,69,165,2,4,-73.915933,40.796893,5eb17ab9-2615-44ff-a780-65ee851b3f3e,1,o3gCANOLewMcAAAAAAAAAA==,dbs/o3gCAA==/colls/o3gCANOLewM=/docs/o3gCANOLewMcAAAAAAAAAA==/,"00006707-0000-0000-0000-581e3a9a0000",attachments/,1478376084
,Tall Towers,Cleryan,Guga,Cleryan.Guga,/images/CleryanGuga.png,3,53 WEST 36TH STREET,,SUITE 1002,NEW YORK,NY,10018,US,2125551212,Cleryan.Guga@TallTowers.com,,,,,34,72,195,1,3,-73.692964,40.734221,fa74ccd9-72a0-40e0-82cb-5482a13db860,1,o3gCANOLewMdAAAAAAAAAA==,dbs/o3gCAA==/colls/o3gCANOLewM=/docs/o3gCANOLewMdAAAAAAAAAA==/,"00006807-0000-0000-0000-581e3a9a0000",attachments/,1478376084
,Tall Towers,Ryryan,Mardimman,Ryryan.Mardimman,/images/RyryanMardimman.png,3,53 WEST 36TH STREET,,SUITE 1002,NEW YORK,NY,10018,US,2125551212,Ryryan.Mardimman@TallTowers.com,,,,,54,64,150,2,2,-73.840936,40.779225,871cbc31-7913-468e-a9c4-7c937b71e8cc,1,o3gCANOLewMeAAAAAAAAAA==,dbs/o3gCAA==/colls/o3gCANOLewM=/docs/o3gCANOLewMeAAAAAAAAAA==/,"00006907-0000-0000-0000-581e3a9a0000",attachments/,1478376084
,Tall Towers,Maell,Driga,Maell.Driga,/images/MaellDriga.png,3,53 WEST 36TH STREET,,SUITE 1002,NEW YORK,NY,10018,US,2125551212,Maell.Driga@TallTowers.com,,,,,36,73,223,2,4,-73.714935,40.823375,9cca25f2-f5f7-41af-8765-08e3ad4b34d7,1,o3gCANOLewMfAAAAAAAAAA==,dbs/o3gCAA==/colls/o3gCANOLewM=/docs/o3gCANOLewMfAAAAAAAAAA==/,"00006a07-0000-0000-0000-581e3a9a0000",attachments/,1478376084
,Tall Towers,Ceana,Anshuk,Ceana.Anshuk,/images/CeanaAnshuk.png,3,53 WEST 36TH STREET,,SUITE 1002,NEW YORK,NY,10018,US,2125551212,Ceana.Anshuk@TallTowers.com,,,,,54,70,235,2,4,-73.810652,40.60785,03b95239-3cc6-4290-ba3a-3c771b7b27bd,1,o3gCANOLewMgAAAAAAAAAA==,dbs/o3gCAA==/colls/o3gCANOLewM=/docs/o3gCANOLewMgAAAAAAAAAA==/,"00006b07-0000-0000-0000-581e3a9a0000",attachments/,1478376084
,Tall Towers,Caniver,Ishtik,Caniver.Ishtik,/images/CaniverIshtik.png,3,53 WEST 36TH STREET,,SUITE 1002,NEW YORK,NY,10018,US,2125551212,Caniver.Ishtik@TallTowers.com,,,,,27,63,100,1,2,-73.976158,40.821864,199ee68b-35a4-4b6a-9b84-3ab2bd6f102c,1,o3gCANOLewMhAAAAAAAAAA==,dbs/o3gCAA==/colls/o3gCANOLewM=/docs/o3gCANOLewMhAAAAAAAAAA==/,"00006c07-0000-0000-0000-581e3a9b0000",attachments/,1478376085
,Tall Towers,Clongwen,Gur,Clongwen.Gur,/images/ClongwenGur.png,3,53 WEST 36TH STREET,,SUITE 1002,NEW YORK,NY,10018,US,2125551212,Clongwen.Gur@TallTowers.com,,,,,45,68,135,1,4,-73.942054,40.672893,d93d9c7e-c5fb-48e5-91c5-bdeeba6a0878,1,o3gCANOLewMiAAAAAAAAAA==,dbs/o3gCAA==/colls/o3gCANOLewM=/docs/o3gCANOLewMiAAAAAAAAAA==/,"00006d07-0000-0000-0000-581e3a9b0000",attachments/,1478376085
,The Complicated Badger,Jyssa,Anuk,Jyssa.Anuk,/images/JyssaAnuk.png,2,180 NORTH MICHIGAN AVENUE,,SUITE 1100,CHICAGO,IL,60601,US,8725551212,Jyssa.Anuk@TheComplicatedBadger.com,,,,,72,70,270,2,4,-87.891584,41.894693,4f70c695-dc4e-4885-bf9a-fd712300b0c1,1,o3gCANOLewMkAAAAAAAAAA==,dbs/o3gCAA==/colls/o3gCANOLewM=/docs/o3gCANOLewMkAAAAAAAAAA==/,"00006f07-0000-0000-0000-581e3a9b0000",attachments/,1478376085
,The Complicated Badger,Caell,Anur,Caell.Anur,/images/CaellAnur.png,3,180 NORTH MICHIGAN AVENUE,,SUITE 1100,CHICAGO,IL,60601,US,8725551212,Caell.Anur@TheComplicatedBadger.com,,,,,47,75,220,2,4,-87.962024,42.316011,c2df3320-adce-4644-a534-e9f8fdf1ce18,1,o3gCANOLewMlAAAAAAAAAA==,dbs/o3gCAA==/colls/o3gCANOLewM=/docs/o3gCANOLewMlAAAAAAAAAA==/,"00007007-0000-0000-0000-581e3a9b0000",attachments/,1478376085
,The Complicated Badger,Jyngwen,Nergaua,Jyngwen.Nergaua,/images/JyngwenNergaua.png,3,180 NORTH MICHIGAN AVENUE,,SUITE 1100,CHICAGO,IL,60601,US,8725551212,Jyngwen.Nergaua@TheComplicatedBadger.com,,,,,68,65,186,2,1,-88.316547,41.891432,7e50e9c6-bc7c-4fc9-b125-08e03fe23d22,1,o3gCANOLewMmAAAAAAAAAA==,dbs/o3gCAA==/colls/o3gCANOLewM=/docs/o3gCANOLewMmAAAAAAAAAA==/,"00007107-0000-0000-0000-581e3a9b0000",attachments/,1478376086
,The Complicated Badger,Colyan,Ishtak,Colyan.Ishtak,/images/ColyanIshtak.png,3,180 NORTH MICHIGAN AVENUE,,SUITE 1100,CHICAGO,IL,60601,US,8725551212,Colyan.Ishtak@TheComplicatedBadger.com,,,,,42,64,210,1,2,-87.800956,42.085886,a296a5a4-725d-4392-933a-98f2c9af02e0,1,o3gCANOLewMnAAAAAAAAAA==,dbs/o3gCAA==/colls/o3gCANOLewM=/docs/o3gCANOLewMnAAAAAAAAAA==/,"00007207-0000-0000-0000-581e3a9c0000",attachments/,1478376086
,The Complicated Badger,Singwen,Gilgamesh,Singwen.Gilgamesh,/images/SingwenGilgamesh.png,3,180 NORTH MICHIGAN AVENUE,,SUITE 1100,CHICAGO,IL,60601,US,8725551212,Singwen.Gilgamesh@TheComplicatedBadger.com,,,,,38,72,198,2,4,-87.913435,42.377795,833e52f4-4e39-41da-a658-1de629786b54,1,o3gCANOLewMoAAAAAAAAAA==,dbs/o3gCAA==/colls/o3gCANOLewM=/docs/o3gCANOLewMoAAAAAAAAAA==/,"00007307-0000-0000-0000-581e3a9c0000",attachments/,1478376086
,The Complicated Badger,Nuna,Mardumesh,Nuna.Mardumesh,/images/NunaMardumesh.png,3,180 NORTH MICHIGAN AVENUE,,SUITE 1100,CHICAGO,IL,60601,US,8725551212,Nuna.Mardumesh@TheComplicatedBadger.com,,,,,28,71,190,2,4,-87.642528,42.457876,be3a6bc2-4d91-4bbb-bf86-6f920f66fa7e,1,o3gCANOLewMpAAAAAAAAAA==,dbs/o3gCAA==/colls/o3gCANOLewM=/docs/o3gCANOLewMpAAAAAAAAAA==/,"00007407-0000-0000-0000-581e3a9c0000",attachments/,1478376086
,The Complicated Badger,Jilonna,Animesh,Jilonna.Animesh,/images/JilonnaAnimesh.png,3,180 NORTH MICHIGAN AVENUE,,SUITE 1100,CHICAGO,IL,60601,US,8725551212,Jilonna.Animesh@TheComplicatedBadger.com,,,,,57,73,235,2,3,-87.75807,41.70913,fc540bfa-136a-4733-b87d-d6d20eeae310,1,o3gCANOLewMqAAAAAAAAAA==,dbs/o3gCAA==/colls/o3gCANOLewM=/docs/o3gCANOLewMqAAAAAAAAAA==/,"00007507-0000-0000-0000-581e3a9c0000",attachments/,1478376086
,The Complicated Badger,Merollyra,Ishtahal,Merollyra.Ishtahal,/images/MerollyraIshtahal.png,3,180 NORTH MICHIGAN AVENUE,,SUITE 1100,CHICAGO,IL,60601,US,8725551212,Merollyra.Ishtahal@TheComplicatedBadger.com,,,,,31,70,210,2,4,-87.915377,41.61421,541176d3-4e92-4e97-85cf-6ebe40d75924,1,o3gCANOLewMrAAAAAAAAAA==,dbs/o3gCAA==/colls/o3gCANOLewM=/docs/o3gCANOLewMrAAAAAAAAAA==/,"00007607-0000-0000-0000-581e3a9d0000",attachments/,1478376087
,The Complicated Badger,Alaebrylla,Anshuga,Alaebrylla.Anshuga,/images/AlaebryllaAnshuga.png,3,180 NORTH MICHIGAN AVENUE,,SUITE 1100,CHICAGO,IL,60601,US,8725551212,Alaebrylla.Anshuga@TheComplicatedBadger.com,,,,,23,68,145,2,4,-87.884209,41.975307,7b335331-75a9-4c95-8fd5-de13101287a8,1,o3gCANOLewMsAAAAAAAAAA==,dbs/o3gCAA==/colls/o3gCANOLewM=/docs/o3gCANOLewMsAAAAAAAAAA==/,"00007707-0000-0000-0000-581e3a9d0000",attachments/,1478376087
,The Complicated Badger,Alaenoic,Druga,Alaenoic.Druga,/images/AlaenoicDruga.png,3,180 NORTH MICHIGAN AVENUE,,SUITE 1100,CHICAGO,IL,60601,US,8725551212,Alaenoic.Druga@TheComplicatedBadger.com,,,,,25,69,165,2,4,-87.982879,41.91133,40487647-857d-4841-aabe-1c47de815970,1,o3gCANOLewMtAAAAAAAAAA==,dbs/o3gCAA==/colls/o3gCANOLewM=/docs/o3gCANOLewMtAAAAAAAAAA==/,"00007807-0000-0000-0000-581e3a9d0000",attachments/,1478376087
,The Complicated Badger,Breniver,Mardahaga,Breniver.Mardahaga,/images/BreniverMardahaga.png,3,180 NORTH MICHIGAN AVENUE,,SUITE 1100,CHICAGO,IL,60601,US,8725551212,Breniver.Mardahaga@TheComplicatedBadger.com,,,,,34,72,195,1,3,-87.506116,42.049081,51798043-860e-4e1f-8804-d6d72724b4a7,1,o3gCANOLewMuAAAAAAAAAA==,dbs/o3gCAA==/colls/o3gCANOLewM=/docs/o3gCANOLewMuAAAAAAAAAA==/,"00007907-0000-0000-0000-581e3a9d0000",attachments/,1478376087
,The Complicated Badger,Jill,Aniua,Jill.Aniua,/images/JillAniua.png,3,180 NORTH MICHIGAN AVENUE,,SUITE 1100,CHICAGO,IL,60601,US,8725551212,Jill.Aniua@TheComplicatedBadger.com,,,,,54,64,150,2,2,-87.833164,41.726794,d7caa4ec-dc04-449a-bd5c-3b1dc19573c0,1,o3gCANOLewMvAAAAAAAAAA==,dbs/o3gCAA==/colls/o3gCANOLewM=/docs/o3gCANOLewMvAAAAAAAAAA==/,"00007a07-0000-0000-0000-581e3a9e0000",attachments/,1478376088
,The Complicated Badger,Elolonna,Drahaua,Elolonna.Drahaua,/images/ElolonnaDrahaua.png,3,180 NORTH MICHIGAN AVENUE,,SUITE 1100,CHICAGO,IL,60601,US,8725551212,Elolonna.Drahaua@TheComplicatedBadger.com,,,,,36,73,223,2,4,-87.963824,41.585844,435942dd-be1f-4c8e-b63f-b26adfd308f8,1,o3gCANOLewMwAAAAAAAAAA==,dbs/o3gCAA==/colls/o3gCANOLewM=/docs/o3gCANOLewMwAAAAAAAAAA==/,"00007b07-0000-0000-0000-581e3a9e0000",attachments/,1478376088
,The Complicated Badger,Mycla,Gilgur,Mycla.Gilgur,/images/MyclaGilgur.png,3,180 NORTH MICHIGAN AVENUE,,SUITE 1100,CHICAGO,IL,60601,US,8725551212,Mycla.Gilgur@TheComplicatedBadger.com,,,,,54,70,235,2,4,-88.106737,42.207802,65281362-c34c-4fed-9f55-1dce7f882ce6,1,o3gCANOLewMxAAAAAAAAAA==,dbs/o3gCAA==/colls/o3gCANOLewM=/docs/o3gCANOLewMxAAAAAAAAAA==/,"00007c07-0000-0000-0000-581e3a9e0000",attachments/,1478376088
,The Complicated Badger,Joniver,Ishtamesh,Joniver.Ishtamesh,/images/JoniverIshtamesh.png,3,180 NORTH MICHIGAN AVENUE,,SUITE 1100,CHICAGO,IL,60601,US,8725551212,Joniver.Ishtamesh@TheComplicatedBadger.com,,,,,27,63,100,1,2,-88.261488,42.129625,ce33ca68-387f-4e78-996a-02870dfcc3b9,1,o3gCANOLewMyAAAAAAAAAA==,dbs/o3gCAA==/colls/o3gCANOLewM=/docs/o3gCANOLewMyAAAAAAAAAA==/,"00007d07-0000-0000-0000-581e3a9e0000",attachments/,1478376088
,The Complicated Badger,Merullyra,Anshahamman,Merullyra.Anshahamman,/images/MerullyraAnshahamman.png,3,180 NORTH MICHIGAN AVENUE,,SUITE 1100,CHICAGO,IL,60601,US,8725551212,Merullyra.Anshahamman@TheComplicatedBadger.com,,,,,45,68,135,1,4,-87.38533,41.569092,34b4c3d2-fed1-4408-b97a-e34b4ea3cd88,1,o3gCANOLewMzAAAAAAAAAA==,dbs/o3gCAA==/colls/o3gCANOLewM=/docs/o3gCANOLewMzAAAAAAAAAA==/,"00007e07-0000-0000-0000-581e3a9f0000",attachments/,1478376089
